Workbook
Name data_start: Data!$A$6

Sheet Data
A1: Cohort Analysis: {{title: product, cohort attribute and metric}}
A2: Metric: | B2: {{metric: what the cells count, e.g. buyers, orders}}
A3: Normalisation: | B3: {{normalization: share of cohort size or index}}
A5: Cohort | B5: Cohort size | C5: Period 0 | D5: Period 1 | E5: Period 2 | F5: Period 3 | G5: Period 4 | H5: Period 5 | I5: Period 6 | J5: Period 7 | K5: Period 8 | L5: Period 9 | M5: Period 10 | N5: Period 11 | O5: Period 12

Sheet Cohorts
A1: =Data!A1
A2: Metric: | B2: =Data!B2
A3: Normalisation: | B3: =Data!B3
A4: The index is also shown in percent: 180% = 1.80 of period 0. Colour: green — above, red — below (excluding period 0).
A5: Cohort | B5: Cohort size | C5: Period 0 | D5: Period 1 | E5: Period 2 | F5: Period 3 | G5: Period 4 | H5: Period 5 | I5: Period 6 | J5: Period 7 | K5: Period 8 | L5: Period 9 | M5: Period 10 | N5: Period 11 | O5: Period 12
A6: =IF(Data!A6="","",Data!A6) | B6: =IF(Data!B6="","",Data!B6) | C6: =IF(Data!C6="","",IF(Data!$B$3="index to period 0",IF(Data!$C6="","",Data!C6/Data!$C6),IF(Data!$B6="","",Data!C6/Data!$B6))) | D6: =IF(Data!D6="","",IF(Data!$B$3="index to period 0",IF(Data!$C6="","",Data!D6/Data!$C6),IF(Data!$B6="","",Data!D6/Data!$B6))) | E6: =IF(Data!E6="","",IF(Data!$B$3="index to period 0",IF(Data!$C6="","",Data!E6/Data!$C6),IF(Data!$B6="","",Data!E6/Data!$B6))) | F6: =IF(Data!F6="","",IF(Data!$B$3="index to period 0",IF(Data!$C6="","",Data!F6/Data!$C6),IF(Data!$B6="","",Data!F6/Data!$B6))) | G6: =IF(Data!G6="","",IF(Data!$B$3="index to period 0",IF(Data!$C6="","",Data!G6/Data!$C6),IF(Data!$B6="","",Data!G6/Data!$B6))) | H6: =IF(Data!H6="","",IF(Data!$B$3="index to period 0",IF(Data!$C6="","",Data!H6/Data!$C6),IF(Data!$B6="","",Data!H6/Data!$B6))) | I6: =IF(Data!I6="","",IF(Data!$B$3="index to period 0",IF(Data!$C6="","",Data!I6/Data!$C6),IF(Data!$B6="","",Data!I6/Data!$B6))) | J6: =IF(Data!J6="","",IF(Data!$B$3="index to period 0",IF(Data!$C6="","",Data!J6/Data!$C6),IF(Data!$B6="","",Data!J6/Data!$B6))) | ... O6: =IF(Data!O6="","",IF(Data!$B$3="index to period 0",IF(Data!$C6="","",Data!O6/Data!$C6),IF(Data!$B6="","",Data!O6/Data!$B6)))
A7: =IF(Data!A7="","",Data!A7) | B7: =IF(Data!B7="","",Data!B7) | C7: =IF(Data!C7="","",IF(Data!$B$3="index to period 0",IF(Data!$C7="","",Data!C7/Data!$C7),IF(Data!$B7="","",Data!C7/Data!$B7))) | D7: =IF(Data!D7="","",IF(Data!$B$3="index to period 0",IF(Data!$C7="","",Data!D7/Data!$C7),IF(Data!$B7="","",Data!D7/Data!$B7))) | E7: =IF(Data!E7="","",IF(Data!$B$3="index to period 0",IF(Data!$C7="","",Data!E7/Data!$C7),IF(Data!$B7="","",Data!E7/Data!$B7))) | F7: =IF(Data!F7="","",IF(Data!$B$3="index to period 0",IF(Data!$C7="","",Data!F7/Data!$C7),IF(Data!$B7="","",Data!F7/Data!$B7))) | G7: =IF(Data!G7="","",IF(Data!$B$3="index to period 0",IF(Data!$C7="","",Data!G7/Data!$C7),IF(Data!$B7="","",Data!G7/Data!$B7))) | H7: =IF(Data!H7="","",IF(Data!$B$3="index to period 0",IF(Data!$C7="","",Data!H7/Data!$C7),IF(Data!$B7="","",Data!H7/Data!$B7))) | I7: =IF(Data!I7="","",IF(Data!$B$3="index to period 0",IF(Data!$C7="","",Data!I7/Data!$C7),IF(Data!$B7="","",Data!I7/Data!$B7))) | J7: =IF(Data!J7="","",IF(Data!$B$3="index to period 0",IF(Data!$C7="","",Data!J7/Data!$C7),IF(Data!$B7="","",Data!J7/Data!$B7))) | ... O7: =IF(Data!O7="","",IF(Data!$B$3="index to period 0",IF(Data!$C7="","",Data!O7/Data!$C7),IF(Data!$B7="","",Data!O7/Data!$B7)))
A8: =IF(Data!A8="","",Data!A8) | B8: =IF(Data!B8="","",Data!B8) | C8: =IF(Data!C8="","",IF(Data!$B$3="index to period 0",IF(Data!$C8="","",Data!C8/Data!$C8),IF(Data!$B8="","",Data!C8/Data!$B8))) | D8: =IF(Data!D8="","",IF(Data!$B$3="index to period 0",IF(Data!$C8="","",Data!D8/Data!$C8),IF(Data!$B8="","",Data!D8/Data!$B8))) | E8: =IF(Data!E8="","",IF(Data!$B$3="index to period 0",IF(Data!$C8="","",Data!E8/Data!$C8),IF(Data!$B8="","",Data!E8/Data!$B8))) | F8: =IF(Data!F8="","",IF(Data!$B$3="index to period 0",IF(Data!$C8="","",Data!F8/Data!$C8),IF(Data!$B8="","",Data!F8/Data!$B8))) | G8: =IF(Data!G8="","",IF(Data!$B$3="index to period 0",IF(Data!$C8="","",Data!G8/Data!$C8),IF(Data!$B8="","",Data!G8/Data!$B8))) | H8: =IF(Data!H8="","",IF(Data!$B$3="index to period 0",IF(Data!$C8="","",Data!H8/Data!$C8),IF(Data!$B8="","",Data!H8/Data!$B8))) | I8: =IF(Data!I8="","",IF(Data!$B$3="index to period 0",IF(Data!$C8="","",Data!I8/Data!$C8),IF(Data!$B8="","",Data!I8/Data!$B8))) | J8: =IF(Data!J8="","",IF(Data!$B$3="index to period 0",IF(Data!$C8="","",Data!J8/Data!$C8),IF(Data!$B8="","",Data!J8/Data!$B8))) | ... O8: =IF(Data!O8="","",IF(Data!$B$3="index to period 0",IF(Data!$C8="","",Data!O8/Data!$C8),IF(Data!$B8="","",Data!O8/Data!$B8)))
A9: =IF(Data!A9="","",Data!A9) | B9: =IF(Data!B9="","",Data!B9) | C9: =IF(Data!C9="","",IF(Data!$B$3="index to period 0",IF(Data!$C9="","",Data!C9/Data!$C9),IF(Data!$B9="","",Data!C9/Data!$B9))) | D9: =IF(Data!D9="","",IF(Data!$B$3="index to period 0",IF(Data!$C9="","",Data!D9/Data!$C9),IF(Data!$B9="","",Data!D9/Data!$B9))) | E9: =IF(Data!E9="","",IF(Data!$B$3="index to period 0",IF(Data!$C9="","",Data!E9/Data!$C9),IF(Data!$B9="","",Data!E9/Data!$B9))) | F9: =IF(Data!F9="","",IF(Data!$B$3="index to period 0",IF(Data!$C9="","",Data!F9/Data!$C9),IF(Data!$B9="","",Data!F9/Data!$B9))) | G9: =IF(Data!G9="","",IF(Data!$B$3="index to period 0",IF(Data!$C9="","",Data!G9/Data!$C9),IF(Data!$B9="","",Data!G9/Data!$B9))) | H9: =IF(Data!H9="","",IF(Data!$B$3="index to period 0",IF(Data!$C9="","",Data!H9/Data!$C9),IF(Data!$B9="","",Data!H9/Data!$B9))) | I9: =IF(Data!I9="","",IF(Data!$B$3="index to period 0",IF(Data!$C9="","",Data!I9/Data!$C9),IF(Data!$B9="","",Data!I9/Data!$B9))) | J9: =IF(Data!J9="","",IF(Data!$B$3="index to period 0",IF(Data!$C9="","",Data!J9/Data!$C9),IF(Data!$B9="","",Data!J9/Data!$B9))) | ... O9: =IF(Data!O9="","",IF(Data!$B$3="index to period 0",IF(Data!$C9="","",Data!O9/Data!$C9),IF(Data!$B9="","",Data!O9/Data!$B9)))
A10: =IF(Data!A10="","",Data!A10) | B10: =IF(Data!B10="","",Data!B10) | C10: =IF(Data!C10="","",IF(Data!$B$3="index to period 0",IF(Data!$C10="","",Data!C10/Data!$C10),IF(Data!$B10="","",Data!C10/Data!$B10))) | D10: =IF(Data!D10="","",IF(Data!$B$3="index to period 0",IF(Data!$C10="","",Data!D10/Data!$C10),IF(Data!$B10="","",Data!D10/Data!$B10))) | E10: =IF(Data!E10="","",IF(Data!$B$3="index to period 0",IF(Data!$C10="","",Data!E10/Data!$C10),IF(Data!$B10="","",Data!E10/Data!$B10))) | F10: =IF(Data!F10="","",IF(Data!$B$3="index to period 0",IF(Data!$C10="","",Data!F10/Data!$C10),IF(Data!$B10="","",Data!F10/Data!$B10))) | G10: =IF(Data!G10="","",IF(Data!$B$3="index to period 0",IF(Data!$C10="","",Data!G10/Data!$C10),IF(Data!$B10="","",Data!G10/Data!$B10))) | H10: =IF(Data!H10="","",IF(Data!$B$3="index to period 0",IF(Data!$C10="","",Data!H10/Data!$C10),IF(Data!$B10="","",Data!H10/Data!$B10))) | I10: =IF(Data!I10="","",IF(Data!$B$3="index to period 0",IF(Data!$C10="","",Data!I10/Data!$C10),IF(Data!$B10="","",Data!I10/Data!$B10))) | J10: =IF(Data!J10="","",IF(Data!$B$3="index to period 0",IF(Data!$C10="","",Data!J10/Data!$C10),IF(Data!$B10="","",Data!J10/Data!$B10))) | ... O10: =IF(Data!O10="","",IF(Data!$B$3="index to period 0",IF(Data!$C10="","",Data!O10/Data!$C10),IF(Data!$B10="","",Data!O10/Data!$B10)))
A11: =IF(Data!A11="","",Data!A11) | B11: =IF(Data!B11="","",Data!B11) | C11: =IF(Data!C11="","",IF(Data!$B$3="index to period 0",IF(Data!$C11="","",Data!C11/Data!$C11),IF(Data!$B11="","",Data!C11/Data!$B11))) | D11: =IF(Data!D11="","",IF(Data!$B$3="index to period 0",IF(Data!$C11="","",Data!D11/Data!$C11),IF(Data!$B11="","",Data!D11/Data!$B11))) | E11: =IF(Data!E11="","",IF(Data!$B$3="index to period 0",IF(Data!$C11="","",Data!E11/Data!$C11),IF(Data!$B11="","",Data!E11/Data!$B11))) | F11: =IF(Data!F11="","",IF(Data!$B$3="index to period 0",IF(Data!$C11="","",Data!F11/Data!$C11),IF(Data!$B11="","",Data!F11/Data!$B11))) | G11: =IF(Data!G11="","",IF(Data!$B$3="index to period 0",IF(Data!$C11="","",Data!G11/Data!$C11),IF(Data!$B11="","",Data!G11/Data!$B11))) | H11: =IF(Data!H11="","",IF(Data!$B$3="index to period 0",IF(Data!$C11="","",Data!H11/Data!$C11),IF(Data!$B11="","",Data!H11/Data!$B11))) | I11: =IF(Data!I11="","",IF(Data!$B$3="index to period 0",IF(Data!$C11="","",Data!I11/Data!$C11),IF(Data!$B11="","",Data!I11/Data!$B11))) | J11: =IF(Data!J11="","",IF(Data!$B$3="index to period 0",IF(Data!$C11="","",Data!J11/Data!$C11),IF(Data!$B11="","",Data!J11/Data!$B11))) | ... O11: =IF(Data!O11="","",IF(Data!$B$3="index to period 0",IF(Data!$C11="","",Data!O11/Data!$C11),IF(Data!$B11="","",Data!O11/Data!$B11)))
A12: =IF(Data!A12="","",Data!A12) | B12: =IF(Data!B12="","",Data!B12) | C12: =IF(Data!C12="","",IF(Data!$B$3="index to period 0",IF(Data!$C12="","",Data!C12/Data!$C12),IF(Data!$B12="","",Data!C12/Data!$B12))) | D12: =IF(Data!D12="","",IF(Data!$B$3="index to period 0",IF(Data!$C12="","",Data!D12/Data!$C12),IF(Data!$B12="","",Data!D12/Data!$B12))) | E12: =IF(Data!E12="","",IF(Data!$B$3="index to period 0",IF(Data!$C12="","",Data!E12/Data!$C12),IF(Data!$B12="","",Data!E12/Data!$B12))) | F12: =IF(Data!F12="","",IF(Data!$B$3="index to period 0",IF(Data!$C12="","",Data!F12/Data!$C12),IF(Data!$B12="","",Data!F12/Data!$B12))) | G12: =IF(Data!G12="","",IF(Data!$B$3="index to period 0",IF(Data!$C12="","",Data!G12/Data!$C12),IF(Data!$B12="","",Data!G12/Data!$B12))) | H12: =IF(Data!H12="","",IF(Data!$B$3="index to period 0",IF(Data!$C12="","",Data!H12/Data!$C12),IF(Data!$B12="","",Data!H12/Data!$B12))) | I12: =IF(Data!I12="","",IF(Data!$B$3="index to period 0",IF(Data!$C12="","",Data!I12/Data!$C12),IF(Data!$B12="","",Data!I12/Data!$B12))) | J12: =IF(Data!J12="","",IF(Data!$B$3="index to period 0",IF(Data!$C12="","",Data!J12/Data!$C12),IF(Data!$B12="","",Data!J12/Data!$B12))) | ... O12: =IF(Data!O12="","",IF(Data!$B$3="index to period 0",IF(Data!$C12="","",Data!O12/Data!$C12),IF(Data!$B12="","",Data!O12/Data!$B12)))
A13: =IF(Data!A13="","",Data!A13) | B13: =IF(Data!B13="","",Data!B13) | C13: =IF(Data!C13="","",IF(Data!$B$3="index to period 0",IF(Data!$C13="","",Data!C13/Data!$C13),IF(Data!$B13="","",Data!C13/Data!$B13))) | D13: =IF(Data!D13="","",IF(Data!$B$3="index to period 0",IF(Data!$C13="","",Data!D13/Data!$C13),IF(Data!$B13="","",Data!D13/Data!$B13))) | E13: =IF(Data!E13="","",IF(Data!$B$3="index to period 0",IF(Data!$C13="","",Data!E13/Data!$C13),IF(Data!$B13="","",Data!E13/Data!$B13))) | F13: =IF(Data!F13="","",IF(Data!$B$3="index to period 0",IF(Data!$C13="","",Data!F13/Data!$C13),IF(Data!$B13="","",Data!F13/Data!$B13))) | G13: =IF(Data!G13="","",IF(Data!$B$3="index to period 0",IF(Data!$C13="","",Data!G13/Data!$C13),IF(Data!$B13="","",Data!G13/Data!$B13))) | H13: =IF(Data!H13="","",IF(Data!$B$3="index to period 0",IF(Data!$C13="","",Data!H13/Data!$C13),IF(Data!$B13="","",Data!H13/Data!$B13))) | I13: =IF(Data!I13="","",IF(Data!$B$3="index to period 0",IF(Data!$C13="","",Data!I13/Data!$C13),IF(Data!$B13="","",Data!I13/Data!$B13))) | J13: =IF(Data!J13="","",IF(Data!$B$3="index to period 0",IF(Data!$C13="","",Data!J13/Data!$C13),IF(Data!$B13="","",Data!J13/Data!$B13))) | ... O13: =IF(Data!O13="","",IF(Data!$B$3="index to period 0",IF(Data!$C13="","",Data!O13/Data!$C13),IF(Data!$B13="","",Data!O13/Data!$B13)))
A14: =IF(Data!A14="","",Data!A14) | B14: =IF(Data!B14="","",Data!B14) | C14: =IF(Data!C14="","",IF(Data!$B$3="index to period 0",IF(Data!$C14="","",Data!C14/Data!$C14),IF(Data!$B14="","",Data!C14/Data!$B14))) | D14: =IF(Data!D14="","",IF(Data!$B$3="index to period 0",IF(Data!$C14="","",Data!D14/Data!$C14),IF(Data!$B14="","",Data!D14/Data!$B14))) | E14: =IF(Data!E14="","",IF(Data!$B$3="index to period 0",IF(Data!$C14="","",Data!E14/Data!$C14),IF(Data!$B14="","",Data!E14/Data!$B14))) | F14: =IF(Data!F14="","",IF(Data!$B$3="index to period 0",IF(Data!$C14="","",Data!F14/Data!$C14),IF(Data!$B14="","",Data!F14/Data!$B14))) | G14: =IF(Data!G14="","",IF(Data!$B$3="index to period 0",IF(Data!$C14="","",Data!G14/Data!$C14),IF(Data!$B14="","",Data!G14/Data!$B14))) | H14: =IF(Data!H14="","",IF(Data!$B$3="index to period 0",IF(Data!$C14="","",Data!H14/Data!$C14),IF(Data!$B14="","",Data!H14/Data!$B14))) | I14: =IF(Data!I14="","",IF(Data!$B$3="index to period 0",IF(Data!$C14="","",Data!I14/Data!$C14),IF(Data!$B14="","",Data!I14/Data!$B14))) | J14: =IF(Data!J14="","",IF(Data!$B$3="index to period 0",IF(Data!$C14="","",Data!J14/Data!$C14),IF(Data!$B14="","",Data!J14/Data!$B14))) | ... O14: =IF(Data!O14="","",IF(Data!$B$3="index to period 0",IF(Data!$C14="","",Data!O14/Data!$C14),IF(Data!$B14="","",Data!O14/Data!$B14)))
A15: =IF(Data!A15="","",Data!A15) | B15: =IF(Data!B15="","",Data!B15) | C15: =IF(Data!C15="","",IF(Data!$B$3="index to period 0",IF(Data!$C15="","",Data!C15/Data!$C15),IF(Data!$B15="","",Data!C15/Data!$B15))) | D15: =IF(Data!D15="","",IF(Data!$B$3="index to period 0",IF(Data!$C15="","",Data!D15/Data!$C15),IF(Data!$B15="","",Data!D15/Data!$B15))) | E15: =IF(Data!E15="","",IF(Data!$B$3="index to period 0",IF(Data!$C15="","",Data!E15/Data!$C15),IF(Data!$B15="","",Data!E15/Data!$B15))) | F15: =IF(Data!F15="","",IF(Data!$B$3="index to period 0",IF(Data!$C15="","",Data!F15/Data!$C15),IF(Data!$B15="","",Data!F15/Data!$B15))) | G15: =IF(Data!G15="","",IF(Data!$B$3="index to period 0",IF(Data!$C15="","",Data!G15/Data!$C15),IF(Data!$B15="","",Data!G15/Data!$B15))) | H15: =IF(Data!H15="","",IF(Data!$B$3="index to period 0",IF(Data!$C15="","",Data!H15/Data!$C15),IF(Data!$B15="","",Data!H15/Data!$B15))) | I15: =IF(Data!I15="","",IF(Data!$B$3="index to period 0",IF(Data!$C15="","",Data!I15/Data!$C15),IF(Data!$B15="","",Data!I15/Data!$B15))) | J15: =IF(Data!J15="","",IF(Data!$B$3="index to period 0",IF(Data!$C15="","",Data!J15/Data!$C15),IF(Data!$B15="","",Data!J15/Data!$B15))) | ... O15: =IF(Data!O15="","",IF(Data!$B$3="index to period 0",IF(Data!$C15="","",Data!O15/Data!$C15),IF(Data!$B15="","",Data!O15/Data!$B15)))
A16: =IF(Data!A16="","",Data!A16) | B16: =IF(Data!B16="","",Data!B16) | C16: =IF(Data!C16="","",IF(Data!$B$3="index to period 0",IF(Data!$C16="","",Data!C16/Data!$C16),IF(Data!$B16="","",Data!C16/Data!$B16))) | D16: =IF(Data!D16="","",IF(Data!$B$3="index to period 0",IF(Data!$C16="","",Data!D16/Data!$C16),IF(Data!$B16="","",Data!D16/Data!$B16))) | E16: =IF(Data!E16="","",IF(Data!$B$3="index to period 0",IF(Data!$C16="","",Data!E16/Data!$C16),IF(Data!$B16="","",Data!E16/Data!$B16))) | F16: =IF(Data!F16="","",IF(Data!$B$3="index to period 0",IF(Data!$C16="","",Data!F16/Data!$C16),IF(Data!$B16="","",Data!F16/Data!$B16))) | G16: =IF(Data!G16="","",IF(Data!$B$3="index to period 0",IF(Data!$C16="","",Data!G16/Data!$C16),IF(Data!$B16="","",Data!G16/Data!$B16))) | H16: =IF(Data!H16="","",IF(Data!$B$3="index to period 0",IF(Data!$C16="","",Data!H16/Data!$C16),IF(Data!$B16="","",Data!H16/Data!$B16))) | I16: =IF(Data!I16="","",IF(Data!$B$3="index to period 0",IF(Data!$C16="","",Data!I16/Data!$C16),IF(Data!$B16="","",Data!I16/Data!$B16))) | J16: =IF(Data!J16="","",IF(Data!$B$3="index to period 0",IF(Data!$C16="","",Data!J16/Data!$C16),IF(Data!$B16="","",Data!J16/Data!$B16))) | ... O16: =IF(Data!O16="","",IF(Data!$B$3="index to period 0",IF(Data!$C16="","",Data!O16/Data!$C16),IF(Data!$B16="","",Data!O16/Data!$B16)))
A17: =IF(Data!A17="","",Data!A17) | B17: =IF(Data!B17="","",Data!B17) | C17: =IF(Data!C17="","",IF(Data!$B$3="index to period 0",IF(Data!$C17="","",Data!C17/Data!$C17),IF(Data!$B17="","",Data!C17/Data!$B17))) | D17: =IF(Data!D17="","",IF(Data!$B$3="index to period 0",IF(Data!$C17="","",Data!D17/Data!$C17),IF(Data!$B17="","",Data!D17/Data!$B17))) | E17: =IF(Data!E17="","",IF(Data!$B$3="index to period 0",IF(Data!$C17="","",Data!E17/Data!$C17),IF(Data!$B17="","",Data!E17/Data!$B17))) | F17: =IF(Data!F17="","",IF(Data!$B$3="index to period 0",IF(Data!$C17="","",Data!F17/Data!$C17),IF(Data!$B17="","",Data!F17/Data!$B17))) | G17: =IF(Data!G17="","",IF(Data!$B$3="index to period 0",IF(Data!$C17="","",Data!G17/Data!$C17),IF(Data!$B17="","",Data!G17/Data!$B17))) | H17: =IF(Data!H17="","",IF(Data!$B$3="index to period 0",IF(Data!$C17="","",Data!H17/Data!$C17),IF(Data!$B17="","",Data!H17/Data!$B17))) | I17: =IF(Data!I17="","",IF(Data!$B$3="index to period 0",IF(Data!$C17="","",Data!I17/Data!$C17),IF(Data!$B17="","",Data!I17/Data!$B17))) | J17: =IF(Data!J17="","",IF(Data!$B$3="index to period 0",IF(Data!$C17="","",Data!J17/Data!$C17),IF(Data!$B17="","",Data!J17/Data!$B17))) | ... O17: =IF(Data!O17="","",IF(Data!$B$3="index to period 0",IF(Data!$C17="","",Data!O17/Data!$C17),IF(Data!$B17="","",Data!O17/Data!$B17)))
... A29: =IF(Data!A29="","",Data!A29) | B29: =IF(Data!B29="","",Data!B29) | C29: =IF(Data!C29="","",IF(Data!$B$3="index to period 0",IF(Data!$C29="","",Data!C29/Data!$C29),IF(Data!$B29="","",Data!C29/Data!$B29))) | D29: =IF(Data!D29="","",IF(Data!$B$3="index to period 0",IF(Data!$C29="","",Data!D29/Data!$C29),IF(Data!$B29="","",Data!D29/Data!$B29))) | E29: =IF(Data!E29="","",IF(Data!$B$3="index to period 0",IF(Data!$C29="","",Data!E29/Data!$C29),IF(Data!$B29="","",Data!E29/Data!$B29))) | F29: =IF(Data!F29="","",IF(Data!$B$3="index to period 0",IF(Data!$C29="","",Data!F29/Data!$C29),IF(Data!$B29="","",Data!F29/Data!$B29))) | G29: =IF(Data!G29="","",IF(Data!$B$3="index to period 0",IF(Data!$C29="","",Data!G29/Data!$C29),IF(Data!$B29="","",Data!G29/Data!$B29))) | H29: =IF(Data!H29="","",IF(Data!$B$3="index to period 0",IF(Data!$C29="","",Data!H29/Data!$C29),IF(Data!$B29="","",Data!H29/Data!$B29))) | I29: =IF(Data!I29="","",IF(Data!$B$3="index to period 0",IF(Data!$C29="","",Data!I29/Data!$C29),IF(Data!$B29="","",Data!I29/Data!$B29))) | J29: =IF(Data!J29="","",IF(Data!$B$3="index to period 0",IF(Data!$C29="","",Data!J29/Data!$C29),IF(Data!$B29="","",Data!J29/Data!$B29))) | ... O29: =IF(Data!O29="","",IF(Data!$B$3="index to period 0",IF(Data!$C29="","",Data!O29/Data!$C29),IF(Data!$B29="","",Data!O29/Data!$B29)))
