Workbook
Name data_start: 'ABC'!$A$8

Sheet ABC
A1: ABC Analysis: {{title: what is ranked, by which value, for which period}}
A2: A boundary: cumulative share of value up to | B2: 0.8 | D2: Class | E2: Objects | F2: Share of objects | G2: Share of value
A3: B boundary: cumulative share of value up to | B3: 0.95 | D3: A | E3: =COUNTIF($F$8:$F$507,"A") | F3: =IF(COUNT($B$8:$B$507)=0,"",E3/COUNT($B$8:$B$507)) | G3: =IF(SUM($B$8:$B$507)=0,"",SUMIF($F$8:$F$507,"A",$B$8:$B$507)/SUM($B$8:$B$507))
D4: B | E4: =COUNTIF($F$8:$F$507,"B") | F4: =IF(COUNT($B$8:$B$507)=0,"",E4/COUNT($B$8:$B$507)) | G4: =IF(SUM($B$8:$B$507)=0,"",SUMIF($F$8:$F$507,"B",$B$8:$B$507)/SUM($B$8:$B$507))
D5: C | E5: =COUNTIF($F$8:$F$507,"C") | F5: =IF(COUNT($B$8:$B$507)=0,"",E5/COUNT($B$8:$B$507)) | G5: =IF(SUM($B$8:$B$507)=0,"",SUMIF($F$8:$F$507,"C",$B$8:$B$507)/SUM($B$8:$B$507))
A7: Object | B7: Value | C7: Comment | D7: Rank | E7: Share | F7: Class | G7: Cumulative
D8: =IF(B8="","",RANK(B8,$B$8:$B$507)+COUNTIF(B$8:B8,B8)-1) | E8: =IF(B8="","",B8/SUM($B$8:$B$507)) | F8: =IF(B8="","",IF(G8-E8<$B$2,"A",IF(G8-E8<$B$3,"B","C"))) | G8: =IF(B8="","",SUMIF($D$8:$D$507,"<="&D8,$B$8:$B$507)/SUM($B$8:$B$507))
D9: =IF(B9="","",RANK(B9,$B$8:$B$507)+COUNTIF(B$8:B9,B9)-1) | E9: =IF(B9="","",B9/SUM($B$8:$B$507)) | F9: =IF(B9="","",IF(G9-E9<$B$2,"A",IF(G9-E9<$B$3,"B","C"))) | G9: =IF(B9="","",SUMIF($D$8:$D$507,"<="&D9,$B$8:$B$507)/SUM($B$8:$B$507))
D10: =IF(B10="","",RANK(B10,$B$8:$B$507)+COUNTIF(B$8:B10,B10)-1) | E10: =IF(B10="","",B10/SUM($B$8:$B$507)) | F10: =IF(B10="","",IF(G10-E10<$B$2,"A",IF(G10-E10<$B$3,"B","C"))) | G10: =IF(B10="","",SUMIF($D$8:$D$507,"<="&D10,$B$8:$B$507)/SUM($B$8:$B$507))
D11: =IF(B11="","",RANK(B11,$B$8:$B$507)+COUNTIF(B$8:B11,B11)-1) | E11: =IF(B11="","",B11/SUM($B$8:$B$507)) | F11: =IF(B11="","",IF(G11-E11<$B$2,"A",IF(G11-E11<$B$3,"B","C"))) | G11: =IF(B11="","",SUMIF($D$8:$D$507,"<="&D11,$B$8:$B$507)/SUM($B$8:$B$507))
D12: =IF(B12="","",RANK(B12,$B$8:$B$507)+COUNTIF(B$8:B12,B12)-1) | E12: =IF(B12="","",B12/SUM($B$8:$B$507)) | F12: =IF(B12="","",IF(G12-E12<$B$2,"A",IF(G12-E12<$B$3,"B","C"))) | G12: =IF(B12="","",SUMIF($D$8:$D$507,"<="&D12,$B$8:$B$507)/SUM($B$8:$B$507))
D13: =IF(B13="","",RANK(B13,$B$8:$B$507)+COUNTIF(B$8:B13,B13)-1) | E13: =IF(B13="","",B13/SUM($B$8:$B$507)) | F13: =IF(B13="","",IF(G13-E13<$B$2,"A",IF(G13-E13<$B$3,"B","C"))) | G13: =IF(B13="","",SUMIF($D$8:$D$507,"<="&D13,$B$8:$B$507)/SUM($B$8:$B$507))
D14: =IF(B14="","",RANK(B14,$B$8:$B$507)+COUNTIF(B$8:B14,B14)-1) | E14: =IF(B14="","",B14/SUM($B$8:$B$507)) | F14: =IF(B14="","",IF(G14-E14<$B$2,"A",IF(G14-E14<$B$3,"B","C"))) | G14: =IF(B14="","",SUMIF($D$8:$D$507,"<="&D14,$B$8:$B$507)/SUM($B$8:$B$507))
D15: =IF(B15="","",RANK(B15,$B$8:$B$507)+COUNTIF(B$8:B15,B15)-1) | E15: =IF(B15="","",B15/SUM($B$8:$B$507)) | F15: =IF(B15="","",IF(G15-E15<$B$2,"A",IF(G15-E15<$B$3,"B","C"))) | G15: =IF(B15="","",SUMIF($D$8:$D$507,"<="&D15,$B$8:$B$507)/SUM($B$8:$B$507))
D16: =IF(B16="","",RANK(B16,$B$8:$B$507)+COUNTIF(B$8:B16,B16)-1) | E16: =IF(B16="","",B16/SUM($B$8:$B$507)) | F16: =IF(B16="","",IF(G16-E16<$B$2,"A",IF(G16-E16<$B$3,"B","C"))) | G16: =IF(B16="","",SUMIF($D$8:$D$507,"<="&D16,$B$8:$B$507)/SUM($B$8:$B$507))
D17: =IF(B17="","",RANK(B17,$B$8:$B$507)+COUNTIF(B$8:B17,B17)-1) | E17: =IF(B17="","",B17/SUM($B$8:$B$507)) | F17: =IF(B17="","",IF(G17-E17<$B$2,"A",IF(G17-E17<$B$3,"B","C"))) | G17: =IF(B17="","",SUMIF($D$8:$D$507,"<="&D17,$B$8:$B$507)/SUM($B$8:$B$507))
D18: =IF(B18="","",RANK(B18,$B$8:$B$507)+COUNTIF(B$8:B18,B18)-1) | E18: =IF(B18="","",B18/SUM($B$8:$B$507)) | F18: =IF(B18="","",IF(G18-E18<$B$2,"A",IF(G18-E18<$B$3,"B","C"))) | G18: =IF(B18="","",SUMIF($D$8:$D$507,"<="&D18,$B$8:$B$507)/SUM($B$8:$B$507))
D19: =IF(B19="","",RANK(B19,$B$8:$B$507)+COUNTIF(B$8:B19,B19)-1) | E19: =IF(B19="","",B19/SUM($B$8:$B$507)) | F19: =IF(B19="","",IF(G19-E19<$B$2,"A",IF(G19-E19<$B$3,"B","C"))) | G19: =IF(B19="","",SUMIF($D$8:$D$507,"<="&D19,$B$8:$B$507)/SUM($B$8:$B$507))
... D507: =IF(B507="","",RANK(B507,$B$8:$B$507)+COUNTIF(B$8:B507,B507)-1) | E507: =IF(B507="","",B507/SUM($B$8:$B$507)) | F507: =IF(B507="","",IF(G507-E507<$B$2,"A",IF(G507-E507<$B$3,"B","C"))) | G507: =IF(B507="","",SUMIF($D$8:$D$507,"<="&D507,$B$8:$B$507)/SUM($B$8:$B$507))

Sheet Curve
A1: Pareto curve
A2: Rank | B2: Share of objects | C2: Share of value
A3: 0 | B3: 0 | C3: 0
A4: 1 | B4: =IF(COUNT(ABC!$B$8:$B$507)=0,0,MIN(A4,COUNT(ABC!$B$8:$B$507))/COUNT(ABC!$B$8:$B$507)) | C4: =IF(COUNT(ABC!$B$8:$B$507)=0,0,SUMIF(ABC!$D$8:$D$507,"<="&MIN(A4,COUNT(ABC!$B$8:$B$507)),ABC!$B$8:$B$507)/SUM(ABC!$B$8:$B$507))
A5: 2 | B5: =IF(COUNT(ABC!$B$8:$B$507)=0,0,MIN(A5,COUNT(ABC!$B$8:$B$507))/COUNT(ABC!$B$8:$B$507)) | C5: =IF(COUNT(ABC!$B$8:$B$507)=0,0,SUMIF(ABC!$D$8:$D$507,"<="&MIN(A5,COUNT(ABC!$B$8:$B$507)),ABC!$B$8:$B$507)/SUM(ABC!$B$8:$B$507))
A6: 3 | B6: =IF(COUNT(ABC!$B$8:$B$507)=0,0,MIN(A6,COUNT(ABC!$B$8:$B$507))/COUNT(ABC!$B$8:$B$507)) | C6: =IF(COUNT(ABC!$B$8:$B$507)=0,0,SUMIF(ABC!$D$8:$D$507,"<="&MIN(A6,COUNT(ABC!$B$8:$B$507)),ABC!$B$8:$B$507)/SUM(ABC!$B$8:$B$507))
A7: 4 | B7: =IF(COUNT(ABC!$B$8:$B$507)=0,0,MIN(A7,COUNT(ABC!$B$8:$B$507))/COUNT(ABC!$B$8:$B$507)) | C7: =IF(COUNT(ABC!$B$8:$B$507)=0,0,SUMIF(ABC!$D$8:$D$507,"<="&MIN(A7,COUNT(ABC!$B$8:$B$507)),ABC!$B$8:$B$507)/SUM(ABC!$B$8:$B$507))
A8: 5 | B8: =IF(COUNT(ABC!$B$8:$B$507)=0,0,MIN(A8,COUNT(ABC!$B$8:$B$507))/COUNT(ABC!$B$8:$B$507)) | C8: =IF(COUNT(ABC!$B$8:$B$507)=0,0,SUMIF(ABC!$D$8:$D$507,"<="&MIN(A8,COUNT(ABC!$B$8:$B$507)),ABC!$B$8:$B$507)/SUM(ABC!$B$8:$B$507))
A9: 6 | B9: =IF(COUNT(ABC!$B$8:$B$507)=0,0,MIN(A9,COUNT(ABC!$B$8:$B$507))/COUNT(ABC!$B$8:$B$507)) | C9: =IF(COUNT(ABC!$B$8:$B$507)=0,0,SUMIF(ABC!$D$8:$D$507,"<="&MIN(A9,COUNT(ABC!$B$8:$B$507)),ABC!$B$8:$B$507)/SUM(ABC!$B$8:$B$507))
A10: 7 | B10: =IF(COUNT(ABC!$B$8:$B$507)=0,0,MIN(A10,COUNT(ABC!$B$8:$B$507))/COUNT(ABC!$B$8:$B$507)) | C10: =IF(COUNT(ABC!$B$8:$B$507)=0,0,SUMIF(ABC!$D$8:$D$507,"<="&MIN(A10,COUNT(ABC!$B$8:$B$507)),ABC!$B$8:$B$507)/SUM(ABC!$B$8:$B$507))
A11: 8 | B11: =IF(COUNT(ABC!$B$8:$B$507)=0,0,MIN(A11,COUNT(ABC!$B$8:$B$507))/COUNT(ABC!$B$8:$B$507)) | C11: =IF(COUNT(ABC!$B$8:$B$507)=0,0,SUMIF(ABC!$D$8:$D$507,"<="&MIN(A11,COUNT(ABC!$B$8:$B$507)),ABC!$B$8:$B$507)/SUM(ABC!$B$8:$B$507))
A12: 9 | B12: =IF(COUNT(ABC!$B$8:$B$507)=0,0,MIN(A12,COUNT(ABC!$B$8:$B$507))/COUNT(ABC!$B$8:$B$507)) | C12: =IF(COUNT(ABC!$B$8:$B$507)=0,0,SUMIF(ABC!$D$8:$D$507,"<="&MIN(A12,COUNT(ABC!$B$8:$B$507)),ABC!$B$8:$B$507)/SUM(ABC!$B$8:$B$507))
A13: 10 | B13: =IF(COUNT(ABC!$B$8:$B$507)=0,0,MIN(A13,COUNT(ABC!$B$8:$B$507))/COUNT(ABC!$B$8:$B$507)) | C13: =IF(COUNT(ABC!$B$8:$B$507)=0,0,SUMIF(ABC!$D$8:$D$507,"<="&MIN(A13,COUNT(ABC!$B$8:$B$507)),ABC!$B$8:$B$507)/SUM(ABC!$B$8:$B$507))
A14: 11 | B14: =IF(COUNT(ABC!$B$8:$B$507)=0,0,MIN(A14,COUNT(ABC!$B$8:$B$507))/COUNT(ABC!$B$8:$B$507)) | C14: =IF(COUNT(ABC!$B$8:$B$507)=0,0,SUMIF(ABC!$D$8:$D$507,"<="&MIN(A14,COUNT(ABC!$B$8:$B$507)),ABC!$B$8:$B$507)/SUM(ABC!$B$8:$B$507))
A15: 12 | B15: =IF(COUNT(ABC!$B$8:$B$507)=0,0,MIN(A15,COUNT(ABC!$B$8:$B$507))/COUNT(ABC!$B$8:$B$507)) | C15: =IF(COUNT(ABC!$B$8:$B$507)=0,0,SUMIF(ABC!$D$8:$D$507,"<="&MIN(A15,COUNT(ABC!$B$8:$B$507)),ABC!$B$8:$B$507)/SUM(ABC!$B$8:$B$507))
... A503: 500 | B503: =IF(COUNT(ABC!$B$8:$B$507)=0,0,MIN(A503,COUNT(ABC!$B$8:$B$507))/COUNT(ABC!$B$8:$B$507)) | C503: =IF(COUNT(ABC!$B$8:$B$507)=0,0,SUMIF(ABC!$D$8:$D$507,"<="&MIN(A503,COUNT(ABC!$B$8:$B$507)),ABC!$B$8:$B$507)/SUM(ABC!$B$8:$B$507))
