Workbook
Name data_start: Customers!$A$8

Sheet Customers
A1: RFM Analysis: {{title: customer base, period and calculation date}}
A2: Scale thresholds (3 — best, 1 — worst):
A3: R, days since last purchase | B3: 3 — at most | C3: 30 | D3: 2 — at most | E3: 90 | F3: otherwise 1 (churn)
A4: F, orders in the period | B4: 3 — at least | C4: 4 | D4: 2 — at least | E4: 2 | F4: otherwise 1 (one-off)
A5: M, purchase amount in the period | B5: 3 — at least | C5: 20000 | D5: 2 — at least | E5: 5000 | F5: otherwise 1
A7: Customer | B7: Days since last purchase | C7: Orders | D7: Purchase amount | E7: R | F7: F | G7: M | H7: RFM | I7: Segment
E8: =IF(B8="","",IF(B8<=$C$3,3,IF(B8<=$E$3,2,1))) | F8: =IF(C8="","",IF(C8>=$C$4,3,IF(C8>=$E$4,2,1))) | G8: =IF(D8="","",IF(D8>=$C$5,3,IF(D8>=$E$5,2,1))) | H8: =IF(E8="","",E8&"-"&F8&"-"&G8) | I8: =IF(E8="","",CHOOSE(E8,"Churned","Dormant","Recent")&", "&CHOOSE(F8,"one-off","medium","frequent"))
E9: =IF(B9="","",IF(B9<=$C$3,3,IF(B9<=$E$3,2,1))) | F9: =IF(C9="","",IF(C9>=$C$4,3,IF(C9>=$E$4,2,1))) | G9: =IF(D9="","",IF(D9>=$C$5,3,IF(D9>=$E$5,2,1))) | H9: =IF(E9="","",E9&"-"&F9&"-"&G9) | I9: =IF(E9="","",CHOOSE(E9,"Churned","Dormant","Recent")&", "&CHOOSE(F9,"one-off","medium","frequent"))
E10: =IF(B10="","",IF(B10<=$C$3,3,IF(B10<=$E$3,2,1))) | F10: =IF(C10="","",IF(C10>=$C$4,3,IF(C10>=$E$4,2,1))) | G10: =IF(D10="","",IF(D10>=$C$5,3,IF(D10>=$E$5,2,1))) | H10: =IF(E10="","",E10&"-"&F10&"-"&G10) | I10: =IF(E10="","",CHOOSE(E10,"Churned","Dormant","Recent")&", "&CHOOSE(F10,"one-off","medium","frequent"))
E11: =IF(B11="","",IF(B11<=$C$3,3,IF(B11<=$E$3,2,1))) | F11: =IF(C11="","",IF(C11>=$C$4,3,IF(C11>=$E$4,2,1))) | G11: =IF(D11="","",IF(D11>=$C$5,3,IF(D11>=$E$5,2,1))) | H11: =IF(E11="","",E11&"-"&F11&"-"&G11) | I11: =IF(E11="","",CHOOSE(E11,"Churned","Dormant","Recent")&", "&CHOOSE(F11,"one-off","medium","frequent"))
E12: =IF(B12="","",IF(B12<=$C$3,3,IF(B12<=$E$3,2,1))) | F12: =IF(C12="","",IF(C12>=$C$4,3,IF(C12>=$E$4,2,1))) | G12: =IF(D12="","",IF(D12>=$C$5,3,IF(D12>=$E$5,2,1))) | H12: =IF(E12="","",E12&"-"&F12&"-"&G12) | I12: =IF(E12="","",CHOOSE(E12,"Churned","Dormant","Recent")&", "&CHOOSE(F12,"one-off","medium","frequent"))
E13: =IF(B13="","",IF(B13<=$C$3,3,IF(B13<=$E$3,2,1))) | F13: =IF(C13="","",IF(C13>=$C$4,3,IF(C13>=$E$4,2,1))) | G13: =IF(D13="","",IF(D13>=$C$5,3,IF(D13>=$E$5,2,1))) | H13: =IF(E13="","",E13&"-"&F13&"-"&G13) | I13: =IF(E13="","",CHOOSE(E13,"Churned","Dormant","Recent")&", "&CHOOSE(F13,"one-off","medium","frequent"))
E14: =IF(B14="","",IF(B14<=$C$3,3,IF(B14<=$E$3,2,1))) | F14: =IF(C14="","",IF(C14>=$C$4,3,IF(C14>=$E$4,2,1))) | G14: =IF(D14="","",IF(D14>=$C$5,3,IF(D14>=$E$5,2,1))) | H14: =IF(E14="","",E14&"-"&F14&"-"&G14) | I14: =IF(E14="","",CHOOSE(E14,"Churned","Dormant","Recent")&", "&CHOOSE(F14,"one-off","medium","frequent"))
E15: =IF(B15="","",IF(B15<=$C$3,3,IF(B15<=$E$3,2,1))) | F15: =IF(C15="","",IF(C15>=$C$4,3,IF(C15>=$E$4,2,1))) | G15: =IF(D15="","",IF(D15>=$C$5,3,IF(D15>=$E$5,2,1))) | H15: =IF(E15="","",E15&"-"&F15&"-"&G15) | I15: =IF(E15="","",CHOOSE(E15,"Churned","Dormant","Recent")&", "&CHOOSE(F15,"one-off","medium","frequent"))
E16: =IF(B16="","",IF(B16<=$C$3,3,IF(B16<=$E$3,2,1))) | F16: =IF(C16="","",IF(C16>=$C$4,3,IF(C16>=$E$4,2,1))) | G16: =IF(D16="","",IF(D16>=$C$5,3,IF(D16>=$E$5,2,1))) | H16: =IF(E16="","",E16&"-"&F16&"-"&G16) | I16: =IF(E16="","",CHOOSE(E16,"Churned","Dormant","Recent")&", "&CHOOSE(F16,"one-off","medium","frequent"))
E17: =IF(B17="","",IF(B17<=$C$3,3,IF(B17<=$E$3,2,1))) | F17: =IF(C17="","",IF(C17>=$C$4,3,IF(C17>=$E$4,2,1))) | G17: =IF(D17="","",IF(D17>=$C$5,3,IF(D17>=$E$5,2,1))) | H17: =IF(E17="","",E17&"-"&F17&"-"&G17) | I17: =IF(E17="","",CHOOSE(E17,"Churned","Dormant","Recent")&", "&CHOOSE(F17,"one-off","medium","frequent"))
E18: =IF(B18="","",IF(B18<=$C$3,3,IF(B18<=$E$3,2,1))) | F18: =IF(C18="","",IF(C18>=$C$4,3,IF(C18>=$E$4,2,1))) | G18: =IF(D18="","",IF(D18>=$C$5,3,IF(D18>=$E$5,2,1))) | H18: =IF(E18="","",E18&"-"&F18&"-"&G18) | I18: =IF(E18="","",CHOOSE(E18,"Churned","Dormant","Recent")&", "&CHOOSE(F18,"one-off","medium","frequent"))
E19: =IF(B19="","",IF(B19<=$C$3,3,IF(B19<=$E$3,2,1))) | F19: =IF(C19="","",IF(C19>=$C$4,3,IF(C19>=$E$4,2,1))) | G19: =IF(D19="","",IF(D19>=$C$5,3,IF(D19>=$E$5,2,1))) | H19: =IF(E19="","",E19&"-"&F19&"-"&G19) | I19: =IF(E19="","",CHOOSE(E19,"Churned","Dormant","Recent")&", "&CHOOSE(F19,"one-off","medium","frequent"))
... E307: =IF(B307="","",IF(B307<=$C$3,3,IF(B307<=$E$3,2,1))) | F307: =IF(C307="","",IF(C307>=$C$4,3,IF(C307>=$E$4,2,1))) | G307: =IF(D307="","",IF(D307>=$C$5,3,IF(D307>=$E$5,2,1))) | H307: =IF(E307="","",E307&"-"&F307&"-"&G307) | I307: =IF(E307="","",CHOOSE(E307,"Churned","Dormant","Recent")&", "&CHOOSE(F307,"one-off","medium","frequent"))

Sheet Segments
A1: =Customers!A1
A4: Customers | B4: Frequent (F = 3) | C4: Medium (F = 2) | D4: One-off (F = 1) | E4: Total
A5: Bought recently (R = 3) | B5: =COUNTIFS(Customers!$E$8:$E$5007,3,Customers!$F$8:$F$5007,3) | C5: =COUNTIFS(Customers!$E$8:$E$5007,3,Customers!$F$8:$F$5007,2) | D5: =COUNTIFS(Customers!$E$8:$E$5007,3,Customers!$F$8:$F$5007,1) | E5: =SUM(B5:D5)
A6: Dormant (R = 2) | B6: =COUNTIFS(Customers!$E$8:$E$5007,2,Customers!$F$8:$F$5007,3) | C6: =COUNTIFS(Customers!$E$8:$E$5007,2,Customers!$F$8:$F$5007,2) | D6: =COUNTIFS(Customers!$E$8:$E$5007,2,Customers!$F$8:$F$5007,1) | E6: =SUM(B6:D6)
A7: Churned (R = 1) | B7: =COUNTIFS(Customers!$E$8:$E$5007,1,Customers!$F$8:$F$5007,3) | C7: =COUNTIFS(Customers!$E$8:$E$5007,1,Customers!$F$8:$F$5007,2) | D7: =COUNTIFS(Customers!$E$8:$E$5007,1,Customers!$F$8:$F$5007,1) | E7: =SUM(B7:D7)
A10: Purchase amount | B10: Frequent (F = 3) | C10: Medium (F = 2) | D10: One-off (F = 1) | E10: Total
A11: Bought recently (R = 3) | B11: =SUMIFS(Customers!$D$8:$D$5007,Customers!$E$8:$E$5007,3,Customers!$F$8:$F$5007,3) | C11: =SUMIFS(Customers!$D$8:$D$5007,Customers!$E$8:$E$5007,3,Customers!$F$8:$F$5007,2) | D11: =SUMIFS(Customers!$D$8:$D$5007,Customers!$E$8:$E$5007,3,Customers!$F$8:$F$5007,1) | E11: =SUM(B11:D11)
A12: Dormant (R = 2) | B12: =SUMIFS(Customers!$D$8:$D$5007,Customers!$E$8:$E$5007,2,Customers!$F$8:$F$5007,3) | C12: =SUMIFS(Customers!$D$8:$D$5007,Customers!$E$8:$E$5007,2,Customers!$F$8:$F$5007,2) | D12: =SUMIFS(Customers!$D$8:$D$5007,Customers!$E$8:$E$5007,2,Customers!$F$8:$F$5007,1) | E12: =SUM(B12:D12)
A13: Churned (R = 1) | B13: =SUMIFS(Customers!$D$8:$D$5007,Customers!$E$8:$E$5007,1,Customers!$F$8:$F$5007,3) | C13: =SUMIFS(Customers!$D$8:$D$5007,Customers!$E$8:$E$5007,1,Customers!$F$8:$F$5007,2) | D13: =SUMIFS(Customers!$D$8:$D$5007,Customers!$E$8:$E$5007,1,Customers!$F$8:$F$5007,1) | E13: =SUM(B13:D13)
A18: Actions per cell:
A19: {{actions: one action per cell}}
